language,total,passed,failed,pass_rate
ar,21,17,4,0.809524
de,12,11,1,0.916667
el,10,8,2,0.8
en,17,16,1,0.941176
es,5,4,1,0.8
fa,3,1,2,0.333333
fr,7,7,0,1.0
he,1,1,0,1.0
it,4,3,1,0.75
ja,26,23,3,0.884615
ko,13,11,2,0.846154
no,1,1,0,1.0
pl,1,1,0,1.0
pt,1,1,0,1.0
ru,14,12,2,0.857143
th,2,2,0,1.0
tr,1,1,0,1.0
uk,2,2,0,1.0
unknown,7,2,5,0.285714
zh,16,14,2,0.875
