method,avg_latency_s,estimated_fields_per_minute
CALENDAR,2.534597,23.672398
CHARACTER_MAP,1.425093,42.102527
GEOGRAPHIC,1.345377,44.597154
NMT,2.862805,20.958468
NUMERIC,1.115268,53.798748
PRESERVE,1.317299,45.547731
TRANSLITERATE,1.061915,56.501721
UNRESOLVED,1.021215,58.753565
VOCABULARY,1.174935,51.066664
